xl [px],yl [px],xr [px],yr [px],X [m],Y [m],Z [m]
72,177,53,177,-0.46315789,0.3,1.84210526
178,33,172,32,0.3,-1.45,5.83333333
90,115,84,115,-1.16666667,-0.08333333,5.83333333
208,121,200,121,0.6,0.0125,4.375
265,204,252,205,0.80769231,0.64615385,2.69230769
217,46,212,46,1.14,-1.48,7
21,47,15,46,-2.31666667,-1.21666667,5.83333333
